id,name,age,region
bdd640fb-0667-4ad1-9c80-317fa3b1799d,Daniel Doyle,58,North
8b9d2434-e465-4150-bd9c-66b3ad3c2d6d,Javier Johnson,19,East
9a1de644-815e-46d1-bb8f-aa1837f8a88b,Cristian Santos,33,South
72ff5d2a-386e-4be0-ab65-a6a48b8148f6,Rhonda Smith,26,North
6c307511-b2b9-437a-a8df-6ec4ce4a2bbd,Christopher Bernard,61,Central
6142ea7d-17be-4111-9a2a-73ed562b0f79,Ryan Munoz,23,Central
759cde66-bacf-43d0-8b1f-9163ce9ff57f,Valerie Gray,45,North
a0ee89ae-d453-4d32-8b0d-bb418d5288f1,Shannon Ray,19,North
a9488d99-0bbb-4599-91ce-5dd2b45ed1f0,Dylan Miller,31,South
614ff3d7-19db-4ad0-9dd1-dfb23b982ef8,Mark Diaz,50,Central
ab9099a4-35a2-40ae-9af3-05535ec42e08,Timothy Wong,19,Central
88bd6407-2bcf-4e01-a28d-efe39bf00273,Carla Gray,30,Central
b02b61c4-a3d7-4628-ace6-6fa2fd5166e6,Melinda Cameron,44,South
d261a7ab-3aa2-44f9-8e51-f30dc6a7ee39,Ethan Adams,46,Central
9132b63e-f162-47e4-a9c3-49e03602f8ac,Emily Rios,35,North
a491f0b2-ea1f-4a65-a27a-984d654821d0,Derek Wright,66,South
bf3c4c06-4343-48bc-89fa-6a688fb5d27b,Stephanie Ross,62,West
2369b584-ff5e-4ff0-bf50-bde4382567b8,Ann Williams,39,East
28f49481-a0a0-4dc4-a720-9bdf1c11f735,Jennifer Brown,27,South
77d21e02-ff01-4f99-988c-24c961b1cd22,Tricia Valencia,66,East
1d53434b-b881-49b9-ae27-0da702f06b90,Kimberly Adams,24,North
4b22d308-1c8e-4ee9-9715-bd6fa4161293,Jesse Mckay,42,North
f8cda88b-436d-46e2-b83c-fe0be037e5ed,Cassandra Gaines,40,East
d777a477-4c66-40a8-a013-ac6ededa4e16,Lisa Hernandez,56,East
f4188f3f-8a14-4e62-a95b-4715c333e861,Kerry Smith,69,North
1ca35cfb-04fc-4d82-bd15-438552fbe43b,Sherry Decker,64,West
3da9c2a9-0ed4-4f1a-bd4c-bf374eb93eff,Theresa Miller,52,North
fa5d3100-11b7-4948-90e6-e6607c69dee1,Pamela Anderson,42,North
2a45c2ab-8cbf-4db0-b264-accc79ac1b1e,Shane Henderson,53,East
c1590f53-8a0f-4efb-adcd-465e36386821,Christina Collins,71,Central
5f987c71-a65e-488e-abf3-ad39fec21bbe,Joseph Martinez,74,East
05628059-568c-469b-9064-005c3985c3cf,Crystal Robinson,54,South
0f1259e0-a18f-46b6-b535-106e122c9a56,Taylor Heath,63,North
474a493b-3ced-4f2d-839f-bc501223b513,Cindy Anderson,20,South
93829b43-922f-415a-a1e3-db63ef7ddc76,Richard Aguirre,67,East
a8b317fa-18d0-452b-9825-bc5430beb45f,Jeff Owens,23,South
a748dbcf-ac61-4e63-8dde-29a6baa4b71a,Mrs. Jennifer Morgan,73,North
310c0c00-3fa7-4104-9bf9-0e27dc96925e,Jerry Henderson,42,East
dfde4fbf-3ff3-40bf-b66e-cb15474ebc19,Jessica Callahan,47,East
a6f2f7b8-0cf3-4b58-9910-8be58ce21ea3,Dr. Tracy House DVM,28,East
7b3a4e3e-7c52-4a17-a80a-c07a2a935d62,James Brown,40,South
63f2ae24-fc3d-4348-808d-4127610461e3,Richard Gibson,60,East
bb026576-f512-44c3-b253-d2186c4a37ea,Kristi Higgins MD,62,North
0ef8c2d6-f7fd-4646-b7bb-3eec4bf50b52,Kimberly Adkins,56,South
7a0ecfea-958c-49ba-8cd6-20c20ea2622b,Sarah Moore,52,South
d9f195d0-1482-4f53-8201-0c62f5f59b22,Kurt Leonard,28,West
f10c718b-1eb0-438a-a75d-d5af3c365296,Danielle Wheeler,42,East
a8499b92-6b52-42e3-94fc-dd549e8fc965,Kelly Donovan,58,Central
506e5a9a-b758-488d-ab73-295b344a54b8,James Powers,32,East
edd4253b-50f0-4d0a-b50c-ab754ccc9bc2,Angel Ellis,71,North
19985f15-ff00-4d4d-9020-59e4ff9ab5c2,Daniel Baker,32,North
119c4ea3-e180-4081-9958-a499eeea163e,Jaclyn Moore,69,East
4d71c366-b41b-4143-8b10-550cd5704f32,Victoria Valdez,43,East
8dfa6a56-d12d-4c9a-aaf9-15310200b1f0,Matthew Mcmillan,22,South
e3c43657-1d8c-4bac-83b4-09ef2260e70f,Juan Nelson,54,East
57c700aa-b7b5-4ea7-b5eb-d32d9ad620ab,Mark Baker,31,West
e87d1c78-e7c4-41c7-8049-7b717d106c60,Anna Henderson,43,West
5563f616-00e8-4ece-8b49-452d46d483f3,Mandy Green,27,East
b4a69f3c-8d3a-4d99-b11c-21c9bdc14f1f,Adam Jones,26,South
26286bfb-e767-4cea-b0e6-a969e21342b0,Sandra Aguilar,65,Central
0ab54bde-20a0-4502-ae06-809725e97977,Steven Flynn,52,East
5b9962c6-e61f-4cc0-8a36-8ce7dc570131,David Garcia,65,Central
dfed2c43-e256-46dc-8f54-86b7c7b5b2bc,Marc Moore,45,Central
2999b735-dd56-4c94-bc9a-d14cee0caeb5,Rita Keith,43,East
ecab3301-bc8f-4d29-adea-94930658663a,Timothy Pham,32,South
3f87e362-cf8d-446a-bc2c-bb0ddd334cc7,Richard Rodriguez,50,West
787f2425-dbcc-4477-89e9-db0adf465290,Robert Stevens,23,North
df0f06cb-cb9b-4326-920e-ac174e20fd1a,Alexander Lee,73,North
11c58ef0-dd46-4c09-8752-87aa5408f9ac,Diana May,27,South
d7fa2d8d-fb2c-4025-adf4-e62d6651529e,Teresa Wilson,68,West
94a1875d-2db6-4edb-82de-ffccf86c2ca2,Deborah Rodriguez,56,North
c9535b63-ba81-4dd9-987e-f3446f3f920c,Larry Dixon,42,West
30a900ad-939b-462d-a645-f129629c2ae3,Michael Smith,56,West
afd5dea5-89d7-4d6c-8e77-7f00ecf27e76,Natalie Lambert,51,East
f2e9702d-11e9-4daa-ae69-81a35d3d9e56,Erin Edwards,53,North
e6697833-b841-40a0-9fe7-71d6d9178793,Eric Ortiz,61,North
8dedf9fb-4bb0-4f20-b27c-40266703b636,Jason Bentley,61,Central
2c8d0e44-e71e-43a6-bf85-bf0ead64b56c,Elizabeth Kelley,66,East
35ce8841-4973-4d6c-8dca-bfb7001a9a8b,Kevin Pena,67,East
acf5e81e-7131-4269-b118-e36477097749,John Santana,25,East
a8aa7158-2b70-4525-bc67-f831cbc84759,Jose Schultz,45,South
f3b63fe1-d184-4324-97e8-392a55cee5db,Megan Walker,47,North
0bd4a990-0640-4e0f-a5b8-fd4b32fa2de8,John Atkinson,64,East
e2d9de5d-6a18-4e4c-b496-276412a4def0,Cheyenne Horton,50,South
25c73c44-3e75-43b4-a64f-a6637e8f8095,Abigail Potter,50,North
c7468f59-1b49-4e15-a2ad-d909c521bf2d,Christopher Rubio,73,East
8eb22579-0cdb-4ca4-b6ec-bdd68498e113,Ryan Bryant,71,Central
87f8424d-aae6-4fc1-b6f2-dbfecd29a36f,Linda Dodson DVM,56,South
e45b712e-b822-4688-90a4-44329cd6c852,Sandra Kelley,27,East
dc8aee30-be60-43f7-a8be-9288e5af6e39,David Wright,66,South
c715b2b9-c40c-4d91-86fd-e062a33dc7af,Lori Hill,52,Central
3c07c574-4925-4af1-b6aa-e05b13d5f2f7,Francisco Fernandez,18,Central
620e99d3-3b33-43d8-a69c-d696236c7b87,Michelle Brown,38,West
7746d0ba-8ae8-405b-94b4-a48268586eba,Daniel Fisher,19,North
f2311f17-9586-4a76-8511-55ffe7a37e81,Shannon Cannon,41,East
f1578470-0182-47c4-ba1b-58066160a6b4,Paul Castaneda,33,North
89c8d2ab-6b44-4a8d-95f2-5073f41402b1,Kimberly Morrison,33,Central
45df16b6-382c-443f-bcfc-9b793875394c,Allen Rogers,23,North
b963f37f-6781-4c1f-8c53-0e36addc3e13,John Anderson,64,West
e82c7d7b-06e7-45f9-88bc-539c9f4c3b79,Justin Johnson,70,North
dde9f863-22bd-4388-adb9-9102a48b3dbe,Anthony Gray,66,Central
56666f9f-53ac-4ab9-b467-2cd9362f5e5c,Jamie Walton,67,South
d5bcb8d0-4094-4ded-abeb-ac31d4f8fd72,Alec Ryan,26,West
39669fa7-5997-4043-b3b1-025bfff9f585,Rachael Pearson,53,South
3f4df561-f319-4125-87f1-94f9c1156d6d,Alex Hernandez,34,Central
1d48a071-ab61-47b1-b93b-4c3220500494,Claudia Lyons,73,Central
9b1bc895-2af4-4ab7-9e6f-ea07c4536f1d,Nicole Wilson,45,South
4fa03f26-f6f7-40cc-a9ec-8e49d1bdb8c0,Alexander Collins,52,South
60141de9-f54a-40a2-a874-66d7ad66a1bd,Miguel Jones,63,East
3e2b6091-a092-452a-94a0-57a7b0cc1b3b,Raymond Jefferson,43,East
cbd58bf6-1efd-46e9-8e37-14af99b49350,Dr. Hannah Patterson,46,Central
a5c5650c-8186-4576-91a7-26095eddbbbf,Samuel Short,46,North
5cb85aed-f5f6-4c97-aefb-63b11b049863,Sandra Zimmerman,33,South
859131d2-bbda-4242-ad17-4fc96f7c15ea,Debra Morton,22,East
7701f7bb-7bc6-4e1f-864e-e6e389c5b31a,Nicholas Adams,19,Central
ef43613c-d4aa-49a3-bed8-c56cda09dfa0,Stephen Sanchez,53,South
ab0e664e-9c3e-42d5-91e1-aa9676f72255,Allen Rosales,55,South
5ad5cf06-364d-4c87-bcd0-129d2e8d0e87,Gina Beard,18,North
8e485223-46b9-4991-a14e-b70db380c73a,Travis Miller,63,North
8e200724-7d13-4018-a80b-ac63b856d035,Melissa Brewer,32,North
046a0df5-cafd-4613-b2bb-912d7da67785,Daniel Holt,75,North
5e781fd7-94e0-43ba-a9f9-48b24e6384bb,Joseph Coleman,73,East
5a104129-54ae-4d1b-8ce6-424dbef59fe6,Denise King,22,Central
50c7c006-314d-4441-b8a6-171f1ee34dc4,Joshua Gill,33,East
bd1531c8-3764-4bda-b108-d4482f65fafa,Dr. William Warren,60,West
d52721e7-19bc-443e-bb02-bebb48729a4d,Darren White,31,Central
2067bdac-88bd-43d1-b540-b30e039f3a25,William Tran,26,Central
a34b6cf6-2053-4a42-b1af-db65b289f224,Katherine Salas,54,West
7a8d03aa-782a-45e0-88ca-765192f5df7b,Cody Williams,33,West
1d34d08e-7a4c-45d4-9c99-e04cf0e98b3b,Jennifer Jones,69,West
26d794d3-0db9-4301-afbb-411aa1235a8c,Justin Torres,30,North
8edddfcd-1e52-4770-bf89-7142fe716b14,Lisa Gibbs,24,West
61607459-85c7-404b-8693-da1139c6a1ca,Jeremy Dalton,40,West
9191b363-4e2d-4645-adc7-cac7fd72b050,Lisa Singh,44,West
a021c0ca-3531-468d-8342-bd2bf295456e,Matthew Moore,73,North
2812859a-1337-439e-8d4f-5d272c7f0b79,Jerry Wheeler,61,North
49c13de7-3b42-46c5-885b-15fb4a8ff810,Michele Gibson,21,West
43b9da13-ec85-4f37-bbc1-a987aff8754d,Lori Guerrero,64,East
1d61fac3-6cd5-4859-b2a4-47b2ef04e57d,Maria Kerr,69,North
0f44704f-1247-4a4e-a469-98e8d39e198b,Eric Curry,33,South
706c5c56-49e2-423d-abd3-461691b78d8e,Michael Lyons,30,Central
8a3c3b5e-801e-41da-85b1-ed25f1533ae8,Bobby Williams MD,46,South
069f14f1-4018-4c6e-9a8c-fa3c5283aac7,Vernon Huff,45,South
054f92ff-f366-4ad4-964d-b03f93403fad,Miss Debra Williams PhD,35,West
7135f221-a6c9-437f-84da-d06a7872bdeb,Catherine Richards,33,North
f8140102-7de1-4dfe-9072-5b5ca2814044,Gregory Cook,46,Central
292bd156-db94-4570-9ac7-0ec0ab8ddeb4,Michael Roberts,24,North
c2b01cfd-d045-4d1c-a684-09e3f1f8343e,Jordan Edwards,59,Central
c5c5b37a-f85e-46a1-9dad-09b252c21221,Jose Travis,71,North
764414fd-8ae7-49ed-9e8e-de0ba85c6e4a,Cody Cox,23,South
71299889-a01a-4992-bf9d-3e64c1a6423b,Christina Dunn,28,West
e17f29e1-7028-4046-89bc-473fed7bf656,Barbara Dudley,49,West
b5b453ca-3d42-493c-8c9f-d3349bdf0377,Juan Tran,31,West
d7665cda-fe04-4059-b985-fb6217dc8eff,Julia Wilson,75,North
eec259dc-7f95-497c-a76a-a6ced50755d9,Katrina Hill,28,West
78e3654b-faf1-4ff0-bb85-179ad5b077e0,Juan Reyes,18,West
bf0d073d-821c-4336-9970-cf60ebff8d15,Sharon Hill,34,West
57021049-6a39-4aa6-9aba-c50dca3dd859,Katie Hoover,36,West
d664d264-4c6e-47ff-b9de-7a3a486822b9,Yvonne Burns,62,Central
7bfdcc12-89e0-4ab3-b250-ee18260a5962,Juan Daniels,60,West
de9e3757-5260-401e-aecf-67d2749176f4,Michael Armstrong,27,South
69288e92-c68a-452f-9b23-aa8c3bcabf85,Patrick Thornton,36,South
fd08b32c-62d6-4e93-a198-5d54cfb87e6f,Samantha Pollard,21,Central
2051acef-097a-4e10-b6fe-bc0e7ecddbaf,Leslie Kane,65,Central
1986b4b2-70b7-4868-9854-80f0dfcaf0b7,Joyce Bowen,21,East
f84f16b3-a79f-4faf-9ef5-768968f45bce,John Costa,21,North
65c17795-b155-46bc-9f8d-ed9756abf2f1,Sarah Phelps,55,West
f4427e0b-6148-4bb3-889b-78d5dbfdd97e,Nathan Malone,50,Central
9e11d2cd-0930-4ef6-8a80-068ddf547e50,Mark Mccall,28,North
1723199d-bf2c-44a0-ba3c-8a71ff574e2b,Brett Schultz,50,North
2a96e1e2-7194-4ae2-99ba-d7aedf615a5c,Stephanie Williams,72,South
5bc440f1-4b1a-469b-8e5d-d462cbd00ef2,Charles Schmidt,22,Central
2e183554-cae2-4e66-ae8a-781390e0a95b,Bob Pitts,22,South
7f671eec-3da7-4577-aee1-e86b9ea556aa,Briana Murray,43,North
aab612c9-415d-474a-b5a6-69814104a8b5,Robert Santana,74,Central
12e89d10-2871-4733-8bed-db12ad77e82f,Gregory Matthews,33,Central
b0b862ef-6c9f-42b9-b647-8986a3917c99,Ryan Gonzalez,56,North
1b4da0fe-7bb3-4605-9a74-3152627b41a1,Kenneth Andrews,57,North
059dd55d-4b94-4e30-b303-f438fe2110d0,Mary Hill,44,Central
c73f6e1b-af90-4e3c-9d75-0e9890e0b95f,Amber Obrien,54,Central
e726be23-e776-4886-9534-ee1d7f2984f5,Robert Lawson,38,East
30ac7d7b-a2f9-43a3-b810-ae665a31b4cc,Megan Le,31,East
2303f6c6-d69d-42f1-ae4c-84ffa8c01f05,Stephanie Lucas,33,East
088a93ec-70d9-49f8-89e2-60744f1639a0,Morgan Davis,43,South
6a5e6920-bf5a-47e6-93a3-dd5a4b8c5bdc,Carlos Ryan,60,East
80759f1f-87e5-40fe-9da8-d6d2f8b38a8b,Sandra Scott,47,East
f7a67b94-7b5a-411a-b1b6-4afed31edf1a,Nicole Morgan,66,North
1346d1a9-f680-4cdb-b7e4-90c71d7bc313,Vincent Dalton,18,West
65bcc272-fadd-4ea3-aca5-e2fdb966442a,Regina Diaz,57,Central
43b38eb4-0390-4c5d-a502-d6a2ca6a2224,Jordan Chambers,24,North
618ae305-95a5-4afa-831d-029fac1e86d8,Teresa Rodriguez,52,South
9e9a9f83-0668-43ee-b8b2-b5493bdbc09e,Kristina Herman,50,East
a2a9d4d8-102e-4de5-a5cc-8bf738ab854c,Susan Turner,26,East
0b9bd934-23c8-4d30-9dde-7969688613db,Elizabeth Vasquez,74,North
899ca782-e323-4d1a-bc1b-dacc18e19331,Jesse Santiago,74,South
8a4a0e2d-f22b-4b98-b24c-c64fbe3e6e57,Patrick Moore,41,East
d56ce8ea-1959-4b5a-a7a8-f6366a35df59,Jason Lynn Jr.,28,West
71d79665-7181-4dcf-b79e-fc6e5edb0d3c,Savannah Garcia,71,Central
e6d5901d-8b62-4d41-9e09-a9eeaf88bdec,Heather Sanders,63,East
f2f25eef-1f45-4bfd-b7dc-67e030974b2b,Jordan Bates,57,Central
f8999246-98de-4ebb-a3b5-cecea446be72,Richard Sanchez,18,Central
34885a46-9088-4eaf-8977-6598203c8c25,Phillip Clark,37,North
3ba5cd2f-dea4-4c19-9024-3d723748967f,Charles Lester,74,South
fbe94499-dbc0-40fd-86fb-7bf300b9d4a3,Carlos King,34,North
ddcf8766-a93b-42cd-9c24-220e2cabd7e7,Adrian Tyler,74,North
040a3aae-52e2-4fd9-96bf-10ab3ce915e7,Anthony Harmon,65,Central
104556e5-bee3-4b79-9d18-1ee986ad8a8c,Richard Palmer,27,East
38b77c07-80fb-4296-b3b6-a09b1beaf6ac,Amanda Logan,36,Central
4d37a539-857d-43b3-a8ad-df36ddf275eb,Victor Brown,31,East
6d204496-66d0-4371-98e8-8ebb7a9e8eef,Katherine Browning,31,East
5275eb94-14ae-4f5c-a636-58c912d0498d,Ana Hill,50,West
b64fa54a-8c61-4654-95da-75c1a21150f9,Zachary Schmidt,34,North
6e218b09-9afd-4015-816b-cb9f7426b193,Michael Farrell,23,West
8d244e3e-c4da-4ddb-a0b1-5abaa6a27967,Cindy Hayes,71,East
d3d1bf0f-56c4-48e4-a9ef-afb13a7e8e14,Jason Davis,20,North
4140752c-aa44-4259-9001-8b7b6d4067f4,Christian Leblanc,39,South
15da705c-d4ef-40aa-975a-81ec112fa612,Brent Rodgers,58,East
0f5ae9d3-8e6e-4003-a14f-3f12cfd01cbd,Kristina Rivera,28,West
dfa4bb9f-5a85-4750-a92a-c1391f4a8ca1,Nicole Parrish,53,West
49a214ae-f7e8-48e5-8d2b-91efb8976ec5,Heather Lane,53,North
7b70c3b8-a81f-4ec3-a79c-658a36760ce5,Brian Bruce,25,North
47503f1d-c33a-4f6c-9d69-1fba5e187b24,Renee Bruce,74,South
9f294a8b-d184-4c39-8476-7556f97be2dd,Maria Johnson,52,North
b18753e6-d457-4ad9-a867-a096edd877c8,Christopher Park,71,East
59dcabd0-56fe-4fb9-abe9-e2074f199ec0,Sergio Knight,55,Central
bdb025ff-2451-45a4-91d0-59b26699cd99,Amanda Reese,27,West
74222167-6b7a-4460-a04e-46cb3712f2d1,Jacob Griffith,26,North
98a21f1c-914d-4fae-b100-13a7c6deb2f0,Anthony Moore,37,East
14e286e5-ac89-46bc-8cbd-3c039e2aa4ac,Matthew Tucker,75,North
372f871a-45ee-432d-aa07-f2137129cec7,Ashley Jordan,75,East
97d7a560-adb1-4670-ad9f-b00d4882d73c,Mr. Andrew Foster,31,South
345512f7-01f7-47ec-8e06-30cd996d5c50,Daniel Taylor,60,North
1eb74b56-53ff-43a2-8a19-35014169b9fc,Paul Thompson,40,Central
3ae88926-b423-4cde-8857-511761554667,Sandra Drake,74,West
bdf66ba5-dc9c-46de-a5a6-74c212738a23,Albert Morse,57,South
6de59332-9364-43d0-9024-bdc6dcb33df3,Michelle Butler,33,South
f758dce2-0556-4aea-a7b0-32831d7c0098,Robert Montgomery,69,South
5ca260c9-eb76-47c9-b08a-4895d4ffa666,Ryan Sanchez,74,West
1422373f-8622-48d1-a683-e10796c044d0,Eric Morgan,19,South
138d994c-2b0a-4edd-8774-44cb5543fc3c,Ashley Hicks,65,East
59e1ac09-5970-4859-86b6-e4ade7ea8d5a,Sabrina Briggs,68,West
4187222b-257d-4e52-9a51-65ca3c7c1d85,Lance Wolf,69,South
f387e1bd-2d59-42c6-934a-5a2fa7cf705c,Kathleen Webster,35,South
ae5ec365-72eb-4474-9458-054ec2874f06,Kristy Reid,68,North
f891b0c3-dd3f-487e-92bd-c6619fe0a8c7,Brittany Jones,42,North
cbdc4318-4d85-43d2-a1a2-748571348c2a,Anthony Romero,72,West
09a0a0f6-73b0-4091-b634-c1694f76e388,Ronald Jones,32,South
171dabf9-daf4-41a7-ba34-d2e8dd3f7d7e,Katie Ford,70,West
bd29ede9-cab4-423b-b448-83858de7ad6c,Joanna Pacheco,40,East
9ae1a991-524f-43ff-b030-7633a6ded1d8,Chris Brown,70,South
d65e59dd-e62d-4d06-8f9b-85581a7f195b,Miguel Wagner,32,North
b526b22d-3f6c-41f7-8a05-37f02c2cd22b,Jeffrey Mills,60,South
eafde7d9-5f73-4a3e-9d28-6aa428a39779,Jason Morgan,43,East
a181c85e-ca0a-46ac-8d67-d38e990f0c5b,Andrea Davis,35,North
4082cbb9-48bd-4b3e-a2f5-df2badaa44ca,Mary Escobar,67,East
14dd5061-5557-46f8-a67e-ddcedf8f4197,Brenda Bailey,40,Central
a981b098-b2cf-452d-a7f3-33b3f7baf55e,Kurt Hurley,43,Central
a4bbf962-606e-4e1c-8f15-84494f40c22f,Robin Santiago,39,North
ff4625af-bd20-463b-b275-b5f3d436a7a8,Kelsey Lucas,25,East
04aac1b7-5ca0-4428-822c-4d326c645c15,Christopher Lewis,29,Central
31274148-7c7c-404e-8422-d03ef29a6339,Chad Jones,34,North
81f7f3fb-19e4-4c6a-89c2-3e69d82c7565,Sandy Stephenson,24,Central
e05b46c5-5636-4094-a974-31db09a9d1c1,Bonnie Bennett,45,East
b15e54f6-d4d3-4795-ae4b-ebc429890880,Rhonda Martin,64,East
5d42b9e9-692e-47b6-8b2f-6d5c700b5d5f,Cynthia Wallace,45,Central
c8a723e9-bfa0-46c2-809c-b50648f1096d,Joseph Collins,50,North
e76adca9-7811-4802-88cc-7cfecf01f944,Holly Valentine,42,Central
c4f9eccd-7630-48a7-b0ca-fdd8fc043f08,James Rose,30,East
331f63fb-d11f-48c0-a97c-a4fff75d599f,Brenda Wright,20,West
5f07c1a5-dfc6-40ce-bb07-fd31a4244f23,Ashley Singleton,18,Central
1578d709-48f9-43d0-9fea-e1e0d9e604b3,Denise Whitehead,69,Central
177a8a5f-6ffe-43b3-94bf-7a4b25b8a42f,Courtney Hayes,61,South
6a36af18-06d3-4b93-ae33-688d597e6845,Jonathan Young,41,West
397b5f51-5ffa-46ef-94e4-180cfe9936a3,Timothy Combs,22,East
25637cc3-ca97-4bf5-95d5-96afa663d2cd,Dustin Gallegos,57,East
c24369e7-2387-4af6-94c3-a832b231c60b,Joan Smith,60,North
3735262d-4184-4b03-84dd-7054144823f7,Kimberly Acosta,64,East
c6b33fe6-1c76-4df6-ac5a-6c93871c0884,Eric Williams,50,East
9f708368-cb3c-48ca-a392-57316b79afcc,Brian Stein,60,West
a1c7cc8a-0435-4b64-893a-d23298c3e3ca,Dana Thomas,38,West
5a5226e6-9d64-4932-8066-853d6de299a1,Jason Beck,62,East
5c508720-f982-44e0-8603-156a15eacbcf,Joseph Romero,53,South
0534a101-8ddc-4719-81f3-8dd4fd034ada,John Reid,30,West
bf5023f4-40ef-4935-9f90-bed6fb25664d,Richard Cooper,60,West
1a89b71e-a0d5-42c8-a837-fe68bba205ca,Nancy Cook,61,South
56ab087a-8bc7-4e81-9a30-45280b599562,Carrie Maxwell,57,Central
7a8104de-b205-47bb-bb16-f75776f186ab,Robin Brown,37,West
0977c513-752a-4d25-b190-1b7ec6b469ef,Andrew Gonzalez,53,North
4f612217-eef1-4694-90ca-e32d0aba590e,Virginia Daniels,37,East
a59b457f-c0d7-4c73-895f-fa8140d92bce,Howard Norman,31,West
45f18619-54f9-4429-a7de-02ccdda4f4a7,Jacob Preston,68,Central
f4dbca07-e506-4670-b092-947dbe4969ec,William Crawford,56,East
cc1b4157-ec9f-4c54-9e0a-72ab7f5db163,Rebecca Acosta,47,West
febec0db-9a3a-4103-ae3c-453214348f62,Kimberly Morris,46,South
4baf0f5e-a932-4094-93f2-8f11147f6570,Lance Simmons,50,West
727716ec-59fe-4bbc-b1a3-fad2b0946d2a,Sergio Gomez,68,South
a3b442bd-4649-4296-af58-42c3ff86cc31,Theresa Jones,60,North
83599af6-5d01-455f-a7fd-64c4a334058a,Meghan Cisneros,36,Central
ad973b67-9b89-45cb-9942-644c248d31ec,Amanda Jones,60,Central
5cb5e69c-5dc7-43e6-a529-64ffc74cc890,Keith Jacobs,39,North
5ef787b8-f2e6-495f-b32e-2016add702c9,Phillip Berry,70,South
507b9072-65e5-4f34-9df0-6e8c878aaed9,Danielle Wilson,61,East
848af440-7fc1-4858-afa0-d842bc55300b,Justin Green,32,South
36ee1640-723e-4466-b43b-d27f42a259a6,Donna Hendricks DDS,27,North
12f5131a-da52-42ee-a2bf-18f51f652a87,Steven Wallace,20,South
f7b217c7-ae92-4a71-8f7d-cb431679742f,Emma Reed,48,Central
4a552ea0-8acb-4e09-8ccc-9cea109fd8ee,Sarah Joseph,72,North
2c913a7c-a340-4f08-b341-91b8ed6522b4,Katie Martinez,47,West
3c9abe10-238d-4f44-8ac4-d0eb3373730e,Allison Spencer,74,Central
fba6abf7-cdbc-4653-b7a7-e8b75e70f65f,Lisa Miller,30,West
b788f5d1-ffe5-45f6-a5ed-cfe34f2dad3f,Kelly Hammond,49,West
20156a72-12e1-43a6-932c-ae01d2c65ee4,Maria Cole,33,South
20da8972-5832-4ee4-8471-b4b0ae1b9f69,Penny Bowman,59,North
21084dd9-f75d-4e3c-848d-56502e9522d6,Thomas Brown,75,North
4ddb1b36-272c-4588-84a2-576c1fc905f8,Frank Fletcher,67,West
84d67c4f-f0df-4684-b28e-41225894f7f1,Sarah King,32,South
46426c45-8d03-417a-b4d3-75c1a29319fa,Eric Ferguson,69,Central
9780c215-2b2b-48e9-a417-c09380a8a23d,Brittany Hopkins,47,North
566e3cbe-9aea-422f-a6e9-87cab87b6384,Kristy Bryan,53,South
f2d3f761-0ba3-4279-94cb-056407437c3b,Laura Curtis,72,North
9e3c5a88-6aa5-4e6d-9277-9574c4576cc3,Kathleen Burton,47,South
4d560a3d-f4e7-469a-a454-09374a27ebf2,Dr. Michael Evans,69,West
2877f5d9-0f56-45f8-b048-faa112ae5c22,John Harris,60,Central
dc8a4922-5005-480f-a4c7-78a59b4e164b,Morgan Valencia,53,Central
c2baf0e0-2179-43f0-a612-4ab4f9b21e6e,Justin Flores,38,West
7318b96d-4479-4612-9f5d-988f776abf09,Brent Roberts,57,Central
6b0ae0e3-9d89-4047-9d39-d7936257a4a2,Sean Moore,45,Central
b89bdf7f-93e3-4c35-af0a-573d53d2d56d,Phillip Jimenez,46,South
e10b1a47-7fae-4748-b781-321e83c501cb,Alexander Landry,65,West
3da06476-f778-4676-b50d-112e8164ceec,Harry Williams,46,East
d7c4fe9c-e1e0-4ffc-98f6-fd7f7eb162f1,Julie Herrera,66,South
22498f66-6e51-484d-9b84-edc3d8e049de,Monica Gallagher,71,East
0d18ab95-668c-4477-8b95-017c5dae1201,Chloe Tran,67,Central
734a6ca3-8116-43fc-a2e7-c1a612d2fa06,Diana Hays,49,South
20f0156a-1e6a-4628-9c6d-52d5ae2e9af9,Jennifer Norton,35,West
5d986115-f05e-4efe-8ece-112856ce4b42,Christina Hicks,22,East
09f64405-0b99-4034-8a4e-255280051b10,Gary Wells,33,East
e4a4474c-9b33-43a4-a620-f9a974fd33d1,Erin Austin,39,East
9dd2f9de-fd98-4e33-a498-abe92999bbef,Elizabeth Rogers,75,Central
7d66971e-8847-4c56-827c-9f8cd40ac5e9,Elizabeth Cabrera,23,South
1c0f0bdc-ac7e-437c-94cc-1e2a5e4cb287,Lauren Robles,27,South
a1173719-b023-40ea-9f41-e335b9aed8e4,John Coffey,42,South
9416e4dc-c6b2-4def-b8d8-b7f1c86c6544,Mikayla Silva,63,South
b89f7039-a107-4c46-8634-17182ba6adb3,Sarah Hernandez,22,West
9293f705-0815-4147-be00-980eae441e21,Ashley Smith,44,East
69b7c0fa-26c4-42f6-ab35-2f85504e2687,Jennifer Hampton,52,West
d92f3c1e-df70-4b2a-b8bb-22a5eba742d2,Amy Taylor,44,North
ff84faef-5336-423b-8f96-468535145890,Kelly Edwards,31,West
887b03e5-e980-4808-b5ac-824c2c55aef7,Hector Ingram,42,Central
cdbc2c1c-a4af-47bd-ae45-5cc6b88e830f,Lisa Lee,62,North
4c6a70f4-8ede-444d-876c-f68c3f1be0d0,William Evans,72,Central
b0b39015-3510-4852-b474-634949fc2cd8,Emily Bailey,42,West
b8beff3d-cb9f-4f6d-af3a-6f27ef06fccb,Bryan Rhodes,18,East
65001423-faeb-4d19-a550-8ea26133a34d,Tina Ballard,37,West
f48f709c-49a2-4441-8ac4-de854a5b1aff,Hannah Ramos,72,West
36c7d6fa-7aa4-4052-bf51-936241a64fed,Joshua Fitzpatrick,52,Central
1bf645f6-2324-4211-8588-fc1bb2384849,Laurie Sanchez,69,Central
39c59df9-87f2-45d6-a7ba-26acab7a3d1c,Amy Gutierrez,75,South
ae62990c-19bd-4f93-b8ef-7666b7a4c719,Abigail Pierce,49,South
a723fb72-682b-463a-a86e-d390edd97a1a,Sherry Woods,35,West
4988e418-f6c3-4218-8183-6315330f8be1,Matthew Velez,49,North
3b72c86d-92fa-475f-a6fd-0cb116e6e5c0,Miranda Zuniga,42,East
6afa828c-2cd1-4b9f-abe5-841fe9c96c52,Casey Gillespie,60,West
c9b7c9bc-65a1-4fa9-9611-69a1ff46a6bf,Timothy Hayden DVM,64,South
4c636e95-025f-4543-8997-623ae0723d96,Ashley Bird,71,West
a42d0cd7-fd35-4f6a-b450-388748d90846,Kathleen Mays,26,Central
45d8a6ad-77d0-459e-8114-14f8d9df0d0e,Brian Martin,52,North
b7f60cdf-41dc-4c60-a5f6-0735757b6b29,Norman Gibbs,43,Central
317304b5-c1dd-484a-aca5-8d95915a1c30,Scott Prince,54,North
53f30073-83e9-4ef4-ad7d-f5d0d3b59af7,Michael Lopez,23,West
ef9240b6-52d7-4f10-ba3a-6e9623ff23d3,Dean Young,26,West
546252e7-f43b-4052-8459-bd6ec0f63229,Nathan Smith,29,North
3c7e5368-b159-4847-9c0b-9b10a757cb10,Bryan Parker,34,West
ec50ace4-80a5-4e65-afa2-855967c96204,Michele Collins,38,South
f0cd7f05-ea87-455e-a382-95d31e0ef546,Lucas Robinson,47,East
74797b61-2737-4b52-ba6a-210722319050,Lisa Perry,39,West
c1e1b94a-7888-4058-a9ad-0e9b8c9aa1e9,Mary Robinson,35,West
98874bfe-c136-4c65-ae2a-e3413f59e4f2,Angela Griffin,34,North
ead08c89-13fe-4a29-9c9d-eee0b42a0456,Amy Kelley,48,North
89628f6e-929c-43b3-b3c0-8bf18167999f,Garrett Meyer,65,Central
b787ef8d-3495-411e-ae27-d4321dc1e7eb,Ann Dixon,21,East
21c71aa3-7414-43b5-8e3e-25f2cf0671c7,Joyce Brown,32,North
4ee4334e-ce92-4136-ac3a-812f765e6cb5,Jennifer Velasquez,67,North
12b2102d-940c-4503-b7c8-6152beed0af9,Gregory Brown,66,North
e4eb8000-ef40-4162-8f6c-e9bffe7ee362,Timothy Johnson,33,South
22ab7752-c4db-4a62-ae13-418d68ab80ea,Veronica Brewer,71,North
e42e707a-fe2b-4987-9fdc-abbf6b9cd71c,Sergio Knox,57,South
f6d22a7b-aec7-4a82-948b-4376602a4e57,Kimberly Valdez,33,South
fe2b34d8-2db0-428d-9e5e-be5459077299,Kendra Luna,48,North
c194f97f-00e3-4026-95b6-de85390239d9,Edwin Nunez,54,South
6118433b-882c-4d1e-ac93-a7918b60c511,Danielle Reed,47,East
e00da49d-effa-4002-b040-413c4690fb15,Ashley Pacheco,67,East
efad49e9-c41c-447e-9d6b-9b626b535a19,Alexis Harris,28,Central
7249f62c-0898-4462-980c-b95c19d45deb,Michele Williams,56,North
705fddf5-66fa-4ca0-8b53-1932bd9419aa,Daniel Shields,67,South
fe54ee4b-80ff-4173-a3df-ecd70e731dd7,Robert Dennis,37,North
c5c51060-9911-41e7-93d5-63ae51a3ac26,Erica Turner,55,North
8570b59f-a903-4e67-bc56-8b5324acb722,Eric Brown,37,Central
bc36dc59-e134-4dfc-9777-7f10f2d2393f,Lori Simmons,61,West
582b91ee-f8e8-435b-8c00-988a7ee1011a,Megan Floyd,43,South
6883ac6e-6a94-4054-b241-4482519894d8,James Webster,22,Central
39b02e2a-d96e-484f-bdb0-174e7938878a,Michael Shaffer,62,South
69a53b4f-8ff8-469d-8ec0-713dea2c7a51,Kristin Anderson,24,East
548c1d84-340d-4049-8147-65063e2bf9c9,Tammy Boone,72,Central
d453f867-b97e-4224-891f-691217abb863,Derrick Nunez,69,North
12a1fe7d-dfa5-4722-8a1f-c9df9a591974,Philip Ramsey,68,Central
3579c143-7ab9-4428-b78e-65108f10d33e,Felicia Krueger,68,North
30a5648e-efe9-43d0-b639-08bf03ece8ff,Autumn Key,40,Central
b2149062-3e1a-463e-aa18-d32c7a9a8ef5,Christine Herman,45,East
48769153-c688-43fe-9255-5c758d55119e,Joseph Howard,22,Central
e1fff6c0-8347-41da-9c11-ab6d42f5b3f5,Brett Zavala MD,59,East
340029c3-ea11-405b-91fa-cefad6f89f7a,Jason Hart,18,West
0426fcc9-255b-40e2-bdc2-b74b38a56b49,Timothy Riley,70,West
32399ffb-2704-4f25-8b91-b8cb6ae66582,James Whitaker,24,West
f186e47a-a794-4320-8cf6-e8b87fd238c3,Dawn Underwood,41,West
bd5609c4-a446-4663-b93b-17fbf76d15fd,Christopher Norton Jr.,63,South
2f1dc121-7d02-4c6d-8bea-75c1b86677aa,Kimberly May,45,South
d6cd3155-08a8-4c7f-8621-38ad0f09105c,Theresa Barnett,64,Central
2332a50e-6992-496e-81a2-5ed1c3abb5f1,Crystal Mann,59,East
74bd0c93-8177-4661-b7fe-032c02571851,Luke Estrada,57,Central
a8c6dbc0-7bb3-447b-a9aa-144b9dd43675,Aaron Arnold Jr.,67,West
892621df-4655-48b7-b8e1-9f568787ea21,Alicia Li,47,West
f090f5a0-ce61-4199-ae3a-0ba8ac8d6c7d,Ashley Davis,70,Central
9ea9f508-3122-4592-bdb0-2235261e2555,Robin Adams,35,East
f5948a54-5f80-4eeb-943a-9aff659b0105,Karl Branch,72,South
d3fbe043-af1d-4a1a-8ccb-235539d1c7ff,Martha Garrison,71,North
67c0518b-17ef-4621-881c-79d4c27437eb,Juan Brown,35,West
152aeaec-2bdf-4b41-b3ed-a8f1026b5383,Mr. Richard Knight PhD,33,West
eb4d8f42-8735-40a2-a511-09611869a217,Daniel Parrish,54,Central
45667c48-79ba-430a-9118-c400e336c243,Benjamin Frost,60,West
a879d8f8-9042-4eb7-8b04-0f53e63949d4,Timothy Edwards,39,North
24e9bcfd-9647-4f9f-b508-507af622d842,Michelle Sanders,49,East
905f9096-2996-46e2-8c9d-690713b22cec,Ruben Price,29,West
6243bed7-54ec-4f33-8a62-4cbde582b678,Brenda Hinton,31,East
bed63da0-8033-45c2-9413-d64db962c8a7,Amy Kim,69,East
9aec56a8-5731-4609-9375-ee90d6b361e4,Tina Sanders,39,East
a255e1bb-0795-4c1f-938d-6b8cc607b1e9,Willie Henry,74,Central
601bfbcb-f0ee-4cce-8d93-e14a5b167158,Michael Guerrero,62,East
4b9dfd58-9e5d-4c7a-85ac-c35415f00cb4,Michelle Miller,53,North
c8ad0899-b630-494d-a147-adeb277b0667,Nancy Stewart,51,South
f165d779-0154-4950-976d-e21f1b46ebdc,Ian Nelson,23,South
6e54ac6d-2ff8-487e-9659-1c8921ebfaa9,Justin Russell,64,West
8de1596c-5a9a-406a-96f1-42a206b919aa,Kyle Nguyen,49,Central
69ef74e3-4ab6-421c-8328-c136629ef3d8,Bradley Santana,66,South
3e245fbf-fa69-4cd2-be23-90f3e7bbaefc,Carolyn James,62,West
44b64ec1-4d16-4049-84d7-df9a238b05b7,Arthur Hamilton MD,59,West
5c72aebd-13b1-4e59-885c-d7147bf69552,David Weber,46,North
75366b9f-320f-42c0-9dde-01889803b22e,Eric Rush,23,East
614077d3-9ec4-4a48-9773-f98d550c2fe9,Erin Cook,32,West
a6aa59e5-dc08-4f29-92d3-3488d0c30018,Brandy Flores,62,South
7aa061e9-336b-40cb-b1fe-ad13f280df1d,Vincent Novak,37,Central
a205e54f-b1e8-409d-bc20-b9f24a9c589e,Kenneth Sanchez MD,41,West
5d71a898-6497-4593-892e-8c93d105c8d6,Justin Vargas,53,Central
c4829b71-ae84-481c-ae0f-b5b38bae591e,Tiffany Murray,40,West
cc351e4f-703e-457f-b5ab-8466b5578b00,Michael Fuentes,65,Central
ac484366-68bd-40d7-8b88-1c32cbb02a8b,Mr. David Hopkins DDS,39,East
72f60958-12ef-4101-a082-786fca00ef58,Karen Morales DDS,62,West
6b15c11b-b113-450b-9ea0-50c6eb9ed274,Rachel Ward,35,East
98049562-8972-4bbd-8ff2-b1c4e53f9644,Angela Mack,34,South
2a9528c3-5ae1-4bad-aa29-60fda85894df,Amanda Terrell,25,South
f780ef2f-664d-4922-a590-fd3cad6ecc57,Tracie Jordan,38,North
38d5101f-423c-4d9d-993e-478302b34254,Kelly Carpenter,65,Central
5fc64cd0-721e-4b1f-b895-89399342a09f,Raymond Chapman,66,South
ff69723d-584f-485b-a697-384d801e8690,Brian Perry,30,South
d4d13d55-1db6-4844-95fa-9483f633cc2d,Brenda Collins,65,West
8567c805-34f5-41c0-88c5-eb2a7490adeb,Mr. Jeffrey Horton,35,Central
0b705933-4cde-4b6b-9132-567c51a40d2a,Ashley Sweeney,66,Central
ccd015c1-ad59-40dd-9bff-3142a5e15b55,William Sanchez,56,East
54bbbcf8-28fe-4761-8d49-fe3f2ca8f783,Tina Hall,24,South
2fb70dab-2f38-4b43-a137-f8e467b13040,Jessica Johnson,36,South
7317591a-3283-4aa4-a212-ab7c9d361cb6,Jasmine Bush,41,South
b4299924-c098-4750-8741-9b4834ae4abd,Amy Garcia,37,North
5da49cb9-2fdc-4992-8971-8eeadf3a098a,Jim Baker,63,Central
f7464c02-8718-44c1-bd4e-d26edcd5bfae,Linda Carr,26,East
5a1baf0e-5911-46dc-9d3e-503a9645f0e4,Lisa Cervantes,20,North
eb2ec80e-4c25-4823-8cf4-ffb0b4bba73f,Angela Anderson,53,East
1df05d18-4e2d-4255-bd13-1a3d1e2c2e7d,Michael Dixon,62,South
93267d25-234b-4562-98af-5cca6b11b7cb,Cody Reid,58,West
ee4205ee-a52f-43ec-ab4e-2281b184d1fc,Ms. Katherine Taylor MD,24,North
dd92dd7c-0db9-47a9-9e91-a71c7374ccbf,Adam Taylor,54,East
8fc3d7d3-f6bd-40c7-a24a-2a50d0b1fde0,Kathleen Cohen,48,West
71a0449d-d703-462f-b5cb-e3f56a66c184,Bradley Johnson DDS,46,East
398f569b-465c-42cb-885e-b4894ac66780,Carol Ellis,29,North
7eccdaf4-c413-4dc2-85c5-ae8abe15ad12,Ashley Wilson,34,West
fdab3441-d2c2-4960-8b09-01abc66dceb3,Rodney Williams,25,North
37f25d36-8bdd-4ee3-b0fd-6672b80f16c5,Ashley Greer PhD,43,West
0840405a-ffd2-4491-9ff3-89aa4c36a70c,Gregory Montoya,22,Central
1e0d02b5-fe74-42cd-9d83-ad037066e289,Cynthia Cochran,58,North
dc6dafff-59c2-4153-b06b-0f0c96822e22,Mackenzie Martin,27,South
d0437e4c-34e5-4699-88eb-e27a23a4e70e,Anthony Bell,69,Central
2b1ac76c-89ec-4c51-98cb-aa5247f53019,Michael Roberts,37,North
83b0b35c-dba6-4df8-b3d0-4ffb44709848,Miss Anna Estes,33,North
0f2d5c15-eb34-4d3a-a95e-5ea9c9230c64,Sharon Martinez DVM,53,West
5274ee11-b61d-4906-a570-35db3fead90a,Pam Lowe,56,Central
a1e518a2-93d2-48d4-a465-5c397d4d2add,Jason Hayes,68,Central
c4d598f7-e14f-4093-8b6a-d0c7a2356dd4,Jose Ramirez,32,Central
7466ef02-5e7b-42c8-a097-dedbefb3b939,Erin Smith,42,West
17d821b8-bb93-4d40-98df-f535c62dbaea,Judy Beck,46,East
cbb18c79-1036-408d-99a0-90075bb47c18,Claudia Jordan,73,Central
52a74a41-44be-4486-bea5-a387363be5cb,Gail Lane,45,East
